Year,ï»¿ID1,ID2,Latitude,Longitude,Elevation,Tmax01,Tmax02,Tmax03,Tmax04,Tmax05,Tmax06,Tmax07,Tmax08,Tmax09,Tmax10,Tmax11,Tmax12,Tmin01,Tmin02,Tmin03,Tmin04,Tmin05,Tmin06,Tmin07,Tmin08,Tmin09,Tmin10,Tmin11,Tmin12,Tave01,Tave02,Tave03,Tave04,Tave05,Tave06,Tave07,Tave08,Tave09,Tave10,Tave11,Tave12,PPT01,PPT02,PPT03,PPT04,PPT05,PPT06,PPT07,PPT08,PPT09,PPT10,PPT11,PPT12,Rad01,Rad02,Rad03,Rad04,Rad05,Rad06,Rad07,Rad08,Rad09,Rad10,Rad11,Rad12,DD_0_01,DD_0_02,DD_0_03,DD_0_04,DD_0_05,DD_0_06,DD_0_07,DD_0_08,DD_0_09,DD_0_10,DD_0_11,DD_0_12,DD5_01,DD5_02,DD5_03,DD5_04,DD5_05,DD5_06,DD5_07,DD5_08,DD5_09,DD5_10,DD5_11,DD5_12,DD_18_01,DD_18_02,DD_18_03,DD_18_04,DD_18_05,DD_18_06,DD_18_07,DD_18_08,DD_18_09,DD_18_10,DD_18_11,DD_18_12,DD18_01,DD18_02,DD18_03,DD18_04,DD18_05,DD18_06,DD18_07,DD18_08,DD18_09,DD18_10,DD18_11,DD18_12,NFFD01,NFFD02,NFFD03,NFFD04,NFFD05,NFFD06,NFFD07,NFFD08,NFFD09,NFFD10,NFFD11,NFFD12,PAS01,PAS02,PAS03,PAS04,PAS05,PAS06,PAS07,PAS08,PAS09,PAS10,PAS11,PAS12,Eref01,Eref02,Eref03,Eref04,Eref05,Eref06,Eref07,Eref08,Eref09,Eref10,Eref11,Eref12,CMD01,CMD02,CMD03,CMD04,CMD05,CMD06,CMD07,CMD08,CMD09,CMD10,CMD11,CMD12,RH01,RH02,RH03,RH04,RH05,RH06,RH07,RH08,RH09,RH10,RH11,RH12,CMI01,CMI02,CMI03,CMI04,CMI05,CMI06,CMI07,CMI08,CMI09,CMI10,CMI11,CMI12,Tmax_wt,Tmax_sp,Tmax_sm,Tmax_at,Tmin_wt,Tmin_sp,Tmin_sm,Tmin_at,Tave_wt,Tave_sp,Tave_sm,Tave_at,PPT_wt,PPT_sp,PPT_sm,PPT_at,Rad_wt,Rad_sp,Rad_sm,Rad_at,DD_0_wt,DD_0_sp,DD_0_sm,DD_0_at,DD5_wt,DD5_sp,DD5_sm,DD5_at,DD_18_wt,DD_18_sp,DD_18_sm,DD_18_at,DD18_wt,DD18_sp,DD18_sm,DD18_at,NFFD_wt,NFFD_sp,NFFD_sm,NFFD_at,PAS_wt,PAS_sp,PAS_sm,PAS_at,Eref_wt,Eref_sp,Eref_sm,Eref_at,CMD_wt,CMD_sp,CMD_sm,CMD_at,RH_wt,RH_sp,RH_sm,RH_at,CMI_wt,CMI_sp,CMI_sm,CMI_at,MAT,MWMT,MCMT,TD,MAP,MSP,AHM,SHM,DD_0,DD5,DD_18,DD18,NFFD,bFFP,eFFP,FFP,PAS,EMT,EXT,MAR,Eref,CMD,RH,CMI,DD1040
1970,H1760,FERLD,48.46587748,-79.34152449,297,-13.7,-10.6,-2.1,6.3,12.8,21.8,25.1,23.1,15.9,12.5,0.9,-10.5,-26.1,-25.4,-15.4,-5,1.3,7.9,12.9,11.6,6.6,2.7,-6.8,-20.4,-19.9,-18,-8.7,0.7,7,14.8,19,17.3,11.2,7.6,-3,-15.4,33,32,37,43,84,133,82,70,89,39,55,49,4.1,8,16.4,21.2,0.2,24.8,9.4,9.1,4.8,7,6,2.7,618,505,272,46,2,0,0,0,0,4,126,479,0,1,11,29,83,294,435,383,192,104,11,0,1172,1004,831,520,341,109,23,52,202,324,629,1032,0,0,0,1,8,12,56,30,5,2,0,0,0,0,0,0,4,30,31,31,30,11,0,0,33,32,37,30,7,0,0,0,2,1,39,49,0,0,0,49,82,125,131,104,57,35,0,0,0,0,0,6,0,0,49,35,0,0,0,0,45,38,47,59,63,58,64,65,70,68,69,62,3.33,3.2,3.7,3.1,4.45,4.25,-2.12,-2.08,3.41,0.09,5.27,4.91,-10.7,5.7,23.3,9.8,-22.6,-6.3,10.8,0.8,-16.7,-0.3,17.1,5.3,111,164,285,184,5.3,12.6,14.4,5.9,1501,320,0,129,1,123,1112,308,3107,1691,184,1154,0,9,98,6,0,4,92,41,110,73,0,42,0,131,360,92,0,6,84,0,49,56,62,69,11.45,11.24,0.05,8.77,1.1,19,-19.9,38.9,747,458,14.8,41.6,2051,1544,6237,113,137,152,267,115,274,-43.4,42.7,9.5,583,90,58,31.5,757
1971,H1760,FERLD,48.46587748,-79.34152449,297,-14.3,-7.6,-2.8,5.9,14.9,23.4,21.6,21.7,19.3,13,-1,-6.8,-25.2,-21,-16.2,-4.9,0.9,7.9,10,9.6,8.2,4.7,-7,-17.4,-19.7,-14.3,-9.5,0.5,7.9,15.7,15.8,15.7,13.8,8.8,-4,-12.1,54,46,54,26,64,55,89,48,118,68,74,76,4.1,7,11.8,16.8,40.3,31.7,17.4,23.9,10.8,2,-2,3.7,612,402,298,49,1,0,0,0,0,2,152,377,0,1,7,23,103,320,337,332,264,134,8,0,1166,900,854,525,314,89,80,87,139,285,661,930,0,0,0,0,6,18,13,14,12,2,0,0,0,0,0,0,3,30,31,31,30,27,0,0,54,46,54,18,4,0,0,0,1,1,62,75,0,0,0,48,94,135,117,102,67,34,0,0,0,0,0,22,30,80,28,54,0,0,0,0,51,44,46,60,56,54,65,63,65,73,75,56,5.4,4.62,5.44,1.43,1.22,-4.84,0.56,-3.74,4.61,2.74,7.34,7.57,-10.8,6,22.3,10.4,-22.2,-6.8,9.2,1.9,-16.5,-0.4,15.7,6.2,149,144,192,260,4.6,23,24.3,3.6,1492,348,0,154,1,133,988,406,3098,1694,256,1085,0,6,46,13,0,3,92,57,149,76,0,63,0,142,353,101,0,52,162,0,50,54,61,71,17.59,8.09,-8.01,14.69,1.5,15.8,-19.7,35.5,772,374,14.9,42.4,1893,1528,6030,65,151,149,275,126,267,-43.4,42.7,14,596,214,59,32.36,698
1972,H1760,FERLD,48.46587748,-79.34152449,297,-9.9,-11.7,-5.5,4.9,17.1,21,23,20.6,15.9,5.9,-0.6,-10.3,-26.1,-24.9,-18.4,-7.1,1.9,6.6,10.6,8.6,4.3,-1.4,-7.7,-21.6,-18,-18.3,-11.9,-1.1,9.5,13.8,16.8,14.6,10.1,2.2,-4.1,-16,53,44,71,14,54,83,96,87,89,61,30,65,4.1,8,16.1,38.3,38.3,24.4,16.4,12.1,16.9,-1,6.6,0.7,559,513,373,77,1,0,0,0,1,28,154,495,0,1,6,16,148,264,366,297,161,26,7,0,1114,1013,930,572,264,132,58,111,237,490,664,1048,0,0,0,0,7,8,21,9,3,0,0,0,0,0,0,0,8,30,31,31,29,0,0,0,53,44,71,13,2,0,0,0,3,32,25,65,0,0,0,0,104,123,124,98,61,24,0,0,0,0,0,0,50,39,28,11,0,0,0,0,34,43,47,56,53,56,62,63,63,74,71,55,5.33,4.39,7.12,0.63,-1.41,-0.44,0.33,0.73,2.96,4.82,2.9,6.51,-9.5,5.5,21.5,7.1,-22.8,-7.8,8.6,-1.6,-16.1,-1.2,15.1,2.7,173,140,266,181,5.3,30.9,17.6,7.5,1450,451,0,183,1,170,927,194,3056,1766,301,1391,0,7,37,3,0,8,92,29,172,85,1,60,0,104,345,85,0,50,78,0,44,52,61,69,16.23,6.34,0.62,10.68,-0.2,16.8,-18.3,35.1,749,410,13.1,40.9,2202,1291,6633,47,129,156,255,99,322,-43.4,42.7,15.1,534,128,56,33.87,563
1973,H1760,FERLD,48.46587748,-79.34152449,297,-8.4,-10.4,3.1,6.8,13.5,21.8,24.8,24.8,16.2,12.1,-0.6,-8.9,-19.9,-26,-8.3,-4.8,2.2,10.1,11.9,12.9,5.6,2.5,-6.9,-18.2,-14.2,-18.2,-2.6,1,7.9,15.9,18.3,18.8,10.9,7.3,-3.8,-13.5,45,37,56,52,92,84,62,102,114,71,47,45,2.1,16.3,19.4,20,12.2,4.6,25.9,13.1,11.9,8,5.6,4.7,441,510,117,42,1,0,0,0,0,4,146,421,0,1,16,28,103,328,414,429,182,98,9,0,996,1010,640,510,314,83,31,29,215,332,653,974,0,0,0,0,7,20,42,55,4,1,0,0,0,0,0,0,10,30,31,31,30,9,0,0,44,37,37,33,5,0,0,0,2,2,38,45,0,0,0,50,85,118,132,110,60,35,0,0,0,0,0,0,0,34,70,8,0,0,0,0,51,36,56,58,63,64,61,64,66,68,74,51,4.51,3.68,5.21,3.82,4.81,-0.1,-4.17,0.18,5.5,3.49,4.59,4.47,-9.7,7.8,23.8,9.2,-22.5,-3.6,11.6,0.4,-16.1,2.1,17.7,4.8,147,200,249,232,6.4,17.2,14.6,8.5,1447,161,0,150,1,146,1171,289,3054,1465,143,1200,0,7,118,5,0,10,92,39,146,75,0,43,0,135,361,94,0,0,112,0,46,59,63,69,12.66,13.83,-4.1,13.57,2.3,18.8,-18.2,37,808,454,15.3,41.5,1683,1607,5787,130,141,144,265,120,281,-43.4,42.7,12,591,112,60,35.97,812
1974,H1760,FERLD,48.46587748,-79.34152449,297,-11.1,-11.6,-3.8,5,10.9,21.9,24,22.3,13.5,5.8,0.7,-4.6,-25.5,-26.6,-17.6,-7.2,0.8,9.4,11.7,10,3.3,-2.1,-6,-15,-18.3,-19.1,-10.7,-1.1,5.9,15.6,17.9,16.2,8.4,1.9,-2.7,-9.8,68,48,24,90,83,84,88,89,160,87,40,53,4.1,9.2,17.8,0.8,-3.8,12.6,15.4,23.5,8.8,7,9.5,3.9,568,535,335,78,4,0,0,0,1,32,118,301,0,1,8,19,60,319,399,347,113,23,11,0,1123,1035,892,573,376,90,38,76,289,502,620,858,0,0,0,0,6,18,34,18,2,0,0,0,0,0,0,0,2,30,31,31,23,0,0,0,68,48,24,80,10,0,0,0,11,51,26,52,0,0,0,0,74,121,128,104,53,24,0,0,0,0,0,0,0,36,39,15,0,0,0,0,39,37,44,55,66,62,63,63,67,72,73,59,6.78,4.79,2.37,8.2,5.25,-0.27,-0.94,0.03,11.6,7.45,3.7,5.25,-10.5,4,22.7,6.6,-23.4,-8,10.4,-1.6,-17,-2,16.6,2.5,160,197,262,287,6,5,17.2,8.4,1525,416,0,151,1,87,1065,147,3131,1841,204,1411,0,6,70,2,0,2,92,23,160,114,0,88,0,74,352,78,0,0,90,0,45,55,63,70,16.83,15.82,-1.18,22.75,0.3,17.9,-19.1,37,913,504,11.3,35.4,1972,1300,6471,78,118,149,252,102,317,-43.4,42.7,9.1,504,90,58,54.21,644
1975,H1760,FERLD,48.46587748,-79.34152449,297,-9,-7.4,-3.7,3.6,20.3,23.3,25.6,23.4,14.6,10,2.3,-9.5,-20.9,-20.5,-17.3,-8.9,5.3,9.9,12.5,10.3,5,1.1,-6.4,-20.8,-14.9,-14,-10.5,-2.7,12.8,16.6,19.1,16.9,9.8,5.5,-2,-15.1,60,26,58,48,89,90,91,74,98,63,62,43,5.1,7,16.8,18,15.2,26.2,15.4,28.7,19.8,12.6,7,6.7,464,394,328,114,0,0,0,0,1,8,104,470,0,0,5,11,246,347,436,368,152,64,10,0,1019,892,885,620,173,69,23,61,246,388,601,1023,0,0,0,0,13,27,56,25,3,0,0,0,0,0,0,0,30,30,31,31,30,2,0,0,60,26,58,46,1,0,0,0,3,6,35,43,0,0,0,0,116,128,136,110,55,31,0,0,0,0,0,0,27,39,45,36,0,0,0,0,49,45,45,53,54,60,61,61,69,70,66,56,6.04,2.59,5.81,4.37,0.36,-0.7,-1.82,-2.32,4.7,3.68,5.77,4.3,-7,6.7,24.1,9,-18.8,-7,10.9,-0.1,-12.9,-0.1,17.5,4.4,139,195,255,223,5.4,16.6,23.4,13.1,1158,442,0,112,1,262,1151,225,2769,1678,154,1235,0,13,108,3,0,30,92,32,137,105,0,45,0,116,374,86,0,27,120,0,50,51,61,68,12.92,10.54,-4.84,14.15,1.8,19.1,-15.1,34.2,802,441,14.7,43.2,1883,1639,6000,123,154,141,261,120,330,-43.4,42.7,14.9,576,147,57,32.76,844
1976,H1760,FERLD,48.46587748,-79.34152449,297,-14.3,-7.6,-3,7.6,13.3,25.1,23.2,23.1,15.2,5.8,-3.2,-13.1,-27.9,-21,-17.3,-3.7,1.5,10,10.5,10,4.1,-1.9,-9.6,-26.2,-21.1,-14.3,-10.2,1.9,7.4,17.5,16.8,16.5,9.6,2,-6.4,-19.7,51,59,79,65,80,64,111,91,152,58,52,55,8.1,2,6.8,18.1,5.2,29.6,17.4,25.5,9.8,14,5,1.7,654,402,318,31,2,0,0,0,1,31,205,609,0,1,11,36,91,375,367,359,147,24,8,0,1208,900,875,482,329,52,57,68,252,499,731,1163,0,0,0,1,7,39,21,22,3,0,0,0,0,0,0,0,5,30,31,31,28,0,0,0,51,59,79,31,5,0,0,0,6,33,50,55,0,0,0,52,85,140,125,109,59,24,0,0,0,0,0,0,6,76,14,18,0,0,0,0,41,44,43,60,61,56,62,61,64,72,73,51,5.08,5.87,7.95,4.83,3.69,-4.79,1.69,-0.41,9.71,4.57,5.25,5.48,-10.5,6,23.8,5.9,-23.2,-6.5,10.2,-2.5,-16.8,-0.3,17,1.7,153,224,266,263,5.6,10,24.2,9.6,1526,351,0,236,1,137,1101,178,3132,1686,177,1481,0,9,81,3,0,5,92,28,152,115,0,89,0,138,374,83,0,6,108,0,45,55,59,70,16.43,16.47,-3.5,19.52,0,17.5,-21.1,38.6,918,498,10.9,35.2,2252,1418,6616,93,125,147,254,106,313,-43.4,42.7,11.9,595,114,57,48.92,703
1977,H1760,FERLD,48.46587748,-79.34152449,297,-13.8,-8,2.3,8.5,20,19.7,24.1,20.4,16.2,9.7,2.3,-8.9,-25.4,-18.6,-9,-6.7,3.8,6.9,10.7,9,5.7,-0.4,-5,-17.3,-19.6,-13.3,-3.3,0.9,11.9,13.3,17.4,14.7,10.9,4.7,-1.3,-13.1,32,48,55,60,25,131,53,95,57,47,66,62,0.1,-5,11.8,26.3,45.8,22.7,28.1,6.1,8.8,12.7,-3,2.7,607,375,136,43,0,0,0,0,0,11,88,408,0,1,14,27,216,248,384,299,184,51,14,0,1161,873,663,512,197,144,46,109,213,415,580,961,0,0,0,0,12,6,28,9,4,0,0,0,0,0,0,0,24,30,31,31,30,0,0,0,32,48,42,39,0,1,0,0,1,8,29,61,0,0,0,58,118,114,131,96,60,32,0,0,0,0,0,0,93,0,78,0,3,0,0,0,48,54,56,47,51,61,60,65,66,66,72,43,3.25,4.81,5.19,4.37,-6.19,5.39,-4.82,1.83,-0.17,2.23,6.08,6.15,-11.6,10.3,21.4,9.4,-23.4,-4,8.9,0.1,-17.5,3.2,15.1,4.7,135,140,279,170,-1,27.9,19,6.2,1591,179,0,100,1,257,931,248,3198,1372,300,1208,0,12,43,4,0,24,92,30,135,81,1,38,0,175,340,91,0,93,78,3,48,52,62,68,14.2,3.37,2.39,8.14,1.9,17.4,-19.6,36.9,732,361,16.3,48.1,1669,1437,5875,59,147,153,261,108,307,-43.4,42.7,13.1,607,174,59,28.1,630
1978,H1760,FERLD,48.46587748,-79.34152449,297,-12.6,-9.9,-3,4.2,18.9,19.5,23.3,22,15,8.1,0,-8.7,-24.5,-24.2,-20.9,-7.9,4.1,6.7,10.3,9.3,3.9,-0.3,-10.5,-20.4,-18.5,-17,-12,-1.9,11.5,13.1,16.8,15.6,9.4,3.9,-5.3,-14.5,64,17,30,34,82,124,106,84,86,68,56,70,7.9,8,17.3,34.7,28.1,20.6,28.5,26.1,12.1,1,10,3.7,576,478,374,95,0,0,0,0,1,15,181,451,0,1,6,15,205,242,366,330,141,42,6,0,1130,977,930,596,207,148,58,88,258,438,698,1004,0,0,0,0,10,5,21,14,2,0,0,0,0,0,0,0,26,30,31,31,28,0,0,0,64,17,30,31,1,1,0,0,4,17,52,70,0,0,0,0,111,113,127,104,58,28,0,0,0,0,0,0,28,0,22,20,0,0,0,0,47,40,32,55,55,60,61,61,64,71,57,63,6.43,1.72,2.98,2.74,0.39,4.68,0.94,-0.41,3.23,4.89,5.6,7.04,-10.5,6.7,21.6,7.7,-22,-8.2,8.7,-2.3,-16.2,-0.8,15.2,2.7,143,145,313,211,6.2,26.7,25.1,7.7,1462,468,0,197,1,226,938,189,3068,1733,294,1394,0,10,40,2,0,26,92,28,143,62,1,72,0,111,344,86,0,28,42,0,50,47,61,64,15.19,6.12,5.21,13.72,0.1,16.8,-18.5,35.3,821,481,12.3,34.9,2170,1353,6533,53,147,153,256,102,244,-43.4,42.7,16.5,541,70,54,40.24,601
1979,H1760,FERLD,48.46587748,-79.34152449,297,-12.5,-13.3,-0.7,5.3,15.2,22,24.2,19.9,16.3,7,1.2,-6,-23.9,-28.4,-13.8,-4.9,3.2,8.4,10.8,8.3,5.2,0.5,-5.6,-15.5,-18.2,-20.8,-7.3,0.2,9.2,15.2,17.5,14.1,10.8,3.8,-2.2,-10.7,45,17,89,77,75,143,89,126,100,113,66,31,3.1,9,0.8,7.8,8.2,20.6,31.4,10.1,14.4,6,3,6.7,565,584,240,54,1,0,0,0,0,16,107,335,0,1,11,26,139,305,388,283,179,40,13,0,1119,1084,785,534,274,100,44,122,218,443,605,887,0,0,0,0,9,15,29,7,4,0,0,0,0,0,0,0,20,30,31,31,30,1,0,0,45,17,88,58,2,0,0,1,2,31,39,31,0,0,0,45,92,124,132,95,61,24,0,0,0,0,0,0,17,0,43,0,0,0,0,0,49,36,48,62,62,59,60,64,65,77,73,50,4.48,1.73,8.87,6.65,2.01,5.2,-1.33,5.06,3.95,9.69,6.22,3.13,-11.5,6.6,22,8.2,-24.2,-5.2,9.1,0.1,-17.9,0.7,15.6,4.1,132,240,358,279,5.3,5.6,20.7,7.8,1600,294,0,123,1,176,976,231,3207,1593,267,1266,0,9,51,4,0,20,92,31,132,148,1,72,0,137,351,85,0,17,43,0,45,57,61,72,9.33,17.52,8.94,19.87,1,17.5,-20.8,38.3,971,533,11.3,32.8,1901,1384,6216,63,143,149,261,112,353,-43.4,42.7,10.1,574,60,60,55.67,618
1980,H1760,FERLD,48.46587748,-79.34152449,297,-9.4,-9.7,-1.8,8.2,17.3,19.2,24.1,23.4,14.2,4.9,-1.2,-12.8,-20.7,-24.4,-15.3,-3.6,2.2,5,9.8,11.7,3.6,-2.3,-9,-25.8,-15,-17,-8.6,2.3,9.7,12.1,16.9,17.6,8.9,1.3,-5.1,-19.3,49,15,79,74,54,66,105,125,138,70,56,45,3.1,12,15.9,5.8,20.2,19.6,21.3,14.1,9.8,3,4.7,5.7,468,478,268,28,0,0,0,0,1,39,178,597,0,1,9,35,154,213,371,391,125,20,7,0,1023,977,825,472,257,178,55,47,275,520,693,1151,0,0,0,0,8,3,22,34,2,0,0,0,0,0,0,0,10,30,31,31,26,0,0,0,48,15,79,30,1,1,0,0,8,47,51,45,0,0,0,54,105,115,134,106,55,23,0,0,0,0,0,0,51,49,29,0,0,0,0,0,51,39,46,59,53,56,57,65,66,74,68,59,4.87,1.54,7.92,5.58,-1.64,-1.24,0.06,3.25,9.04,5.89,5.6,4.46,-8.3,7.9,22.2,5.9,-20.2,-5.6,8.8,-2.6,-14.3,1.2,15.5,1.7,95,207,296,264,7.3,14,18.4,5.8,1281,296,0,218,1,199,975,152,2887,1554,280,1489,0,8,60,2,0,10,92,26,95,111,1,106,0,159,354,78,0,51,78,0,50,53,60,69,10.87,11.86,2.06,20.53,0.3,17.6,-19.3,36.9,875,488,11.8,36,2058,1326,6474,70,128,163,252,89,271,-43.4,42.7,11.3,592,129,56,45.32,601
1981,H1760,FERLD,48.46587748,-79.34152449,297,-11.5,-3.6,0,7,14.7,20.8,26,24.2,15.1,7.8,2.3,-5,-24.3,-14.8,-10.6,-4.8,1,7.9,10.7,9.3,5.6,-2.2,-5.7,-13.3,-17.9,-9.2,-5.3,1.1,7.9,14.4,18.3,16.7,10.4,2.8,-1.7,-9.2,24,63,44,81,51,90,47,67,107,102,40,56,7.7,0,9.8,9.8,19.4,23.8,40.4,32.8,17.4,12.6,7.1,2.7,556,260,188,41,1,0,0,0,1,23,96,286,0,2,10,27,102,280,414,365,167,31,12,0,1111,759,724,508,315,120,32,63,230,472,591,838,0,0,0,0,6,10,42,24,3,0,0,0,0,0,0,0,3,30,31,31,30,0,0,0,24,61,42,50,3,0,0,0,3,43,20,55,0,0,0,51,93,118,144,117,56,29,0,0,0,0,0,0,42,28,97,50,0,0,0,0,45,54,57,58,57,61,55,56,69,65,68,43,2.42,6.28,4.44,6.69,0.04,0.75,-7.14,-3.97,5.4,8.43,3.49,5.57,-9.3,7.2,23.7,8.4,-21.7,-4.8,9.3,-0.8,-15.5,1.2,16.5,3.8,132,176,204,249,4.5,13,32.4,12.4,1413,231,0,119,2,140,1059,210,3021,1547,215,1294,0,6,76,3,0,3,92,30,130,95,0,66,0,144,379,84,0,42,175,0,47,57,57,68,14.27,11.17,-10.36,17.31,2.4,18.3,-17.9,36.3,772,362,16,50.6,1452,1410,5763,85,125,154,258,104,322,-43.4,42.7,15.3,607,217,59,32.38,679
1982,H1760,FERLD,48.46587748,-79.34152449,297,-15.9,-9.3,-1.6,4,20.1,18.9,23.8,18.9,16.1,10.3,1.4,-5.1,-31.4,-24.7,-16,-8.7,4,6.7,10.6,7.7,6.2,2.5,-6.9,-14.6,-23.6,-17,-8.8,-2.3,12,12.8,17.2,13.3,11.2,6.4,-2.7,-9.8,61,17,26,69,42,91,93,81,106,86,51,68,7.1,15,7.8,7.8,20.1,22.8,20.8,5.1,8.8,3,7.1,0.7,732,477,272,106,0,0,0,0,0,6,120,301,0,2,14,22,222,235,378,260,190,80,13,0,1286,976,832,610,194,153,50,147,204,360,622,859,0,0,0,1,15,5,25,5,5,2,2,1,0,0,0,0,26,30,31,31,30,9,0,0,61,17,26,65,0,1,0,0,2,5,34,67,0,0,0,0,118,109,129,91,58,30,0,0,0,0,0,0,76,18,37,9,0,0,0,0,34,37,43,52,51,62,61,65,68,73,67,65,6.07,1.71,2.63,6.33,-4.47,1.85,-0.63,1.12,4.93,5.75,4.75,6.78,-10.1,7.5,20.5,9.3,-23.1,-6.9,8.3,0.6,-16.6,0.3,14.4,4.9,133,137,266,242,8.3,11.9,16.2,6.3,1495,379,0,126,2,258,872,283,3101,1635,350,1186,1,16,35,8,0,26,92,39,132,92,1,41,0,118,330,88,0,76,64,0,45,49,63,70,14.56,4.49,2.34,15.43,0.7,17.2,-23.6,40.8,790,414,13.6,41.5,2014,1415,6292,60,157,150,267,117,291,-43.4,42.7,10.5,535,140,56,36.81,586
1983,H1760,FERLD,48.46587748,-79.34152449,297,-10,-6.9,-1.8,5.1,12.2,22.9,24.8,24,17.8,9.7,1.1,-11.5,-22.1,-20.1,-13.8,-5.1,-0.1,7.8,11.3,10.6,7.2,0.4,-6.2,-23.4,-16,-13.5,-7.8,0,6.1,15.3,18.1,17.3,12.5,5.1,-2.5,-17.5,36,50,55,48,114,61,77,66,100,78,65,75,1.1,8,14.3,6.8,30.4,28.5,23.7,16.3,5.8,9.1,6.4,2.7,498,381,252,57,3,0,0,0,0,10,115,542,0,1,8,21,63,310,406,382,227,57,10,0,1053,879,802,540,370,97,35,52,171,403,615,1096,0,0,0,0,5,16,38,30,8,0,0,0,0,0,0,0,1,30,31,31,30,1,0,0,36,50,55,37,13,0,0,0,1,10,41,75,0,0,0,45,82,131,134,112,63,31,0,0,0,0,0,0,0,70,57,46,0,0,0,0,48,45,51,62,60,55,60,60,67,69,70,60,3.62,4.96,5.51,3.8,7.84,-3.77,-2.91,-3.47,3.61,5.29,6.14,7.49,-7.3,5.2,23.9,9.5,-18.9,-6.3,9.9,0.5,-13.1,-0.6,16.9,5,154,217,204,243,3.3,17.2,22.9,7.1,1179,312,0,125,1,92,1098,294,2790,1712,184,1189,0,5,83,8,0,1,92,31,152,105,0,53,0,127,378,94,0,0,173,0,51,58,58,69,16.07,17.15,-10.14,15.03,1.4,18.1,-17.5,35.6,825,419,13.8,43.1,1858,1484,6112,96,124,154,264,110,299,-43.4,42.7,12.8,598,173,58,38.11,750
1984,H1760,FERLD,48.46587748,-79.34152449,297,-13.7,-3.7,-4.2,12.2,12.4,20.6,23.5,23.1,15,12.1,0.9,-7,-28.9,-14.2,-18.6,-2.9,0.7,8.3,11.7,10.9,4.5,0.3,-5.8,-17.8,-21.3,-8.9,-11.4,4.6,6.5,14.4,17.6,17,9.7,6.2,-2.5,-12.4,42,50,20,41,95,137,111,87,89,66,77,68,8.3,4,22.8,17.9,16.2,13.6,16.4,26.3,18.7,15.3,4,0.7,660,254,356,12,3,0,0,0,1,6,113,385,0,2,11,62,72,283,391,372,149,75,12,0,1215,750,913,402,356,118,43,59,248,367,614,938,0,0,0,2,7,10,31,26,3,1,0,0,0,0,0,0,2,30,31,31,29,1,0,0,42,49,20,5,9,0,0,0,3,4,49,68,0,0,0,69,82,115,124,106,57,37,0,0,0,0,0,28,0,0,13,19,0,0,0,0,36,56,42,50,62,62,64,63,66,61,73,48,4.21,5.05,2.05,0.75,5.77,5.68,1.79,-0.54,3.53,3.09,7.36,6.83,-9.6,6.8,22.4,9.3,-22.2,-6.9,10.3,-0.3,-15.9,-0.1,16.3,4.5,167,157,335,232,5,18.9,18.8,12.7,1457,371,0,120,2,145,1046,237,3061,1671,219,1229,0,9,67,4,0,2,92,30,166,34,1,56,0,150,345,94,0,28,32,0,47,51,63,67,16.09,8.57,6.93,13.98,1.6,17.6,-21.3,38.9,885,519,13.1,33.9,1791,1431,6022,80,124,153,258,105,254,-43.4,42.7,13.7,590,60,58,45.56,662
1985,H1760,FERLD,48.46587748,-79.34152449,297,-13.5,-8.3,-1.4,6.8,15.3,20,22,21.7,16.8,10.2,-1.3,-11.5,-24.4,-20.5,-15.5,-6.4,1,7,9.6,9.6,6.5,0.2,-9.1,-24.2,-19,-14.4,-8.4,0.2,8.2,13.5,15.8,15.7,11.7,5.2,-5.2,-17.9,48,56,57,38,72,52,164,86,106,67,66,67,2.1,1,17.2,-3.2,18.2,16.6,2.4,16.1,10.8,12.5,4.4,4.2,588,405,266,54,1,0,0,0,0,9,180,555,0,1,6,20,111,254,337,333,204,58,6,0,1143,903,821,535,305,140,80,86,192,399,696,1108,0,0,0,0,5,7,13,15,6,0,0,0,0,0,0,0,3,30,31,31,30,1,0,0,48,56,57,29,4,0,0,0,1,8,61,67,0,0,0,52,96,115,121,102,60,32,0,0,0,0,0,13,25,63,0,16,0,0,0,0,51,48,44,53,55,60,62,63,67,66,67,54,4.79,5.64,5.69,2.61,1.7,-2.72,7.6,0.02,4.61,4.03,6.6,6.69,-9.6,6.9,21.3,8.6,-20.9,-7,8.7,-0.8,-15.2,0,15,3.9,173,167,301,240,1.3,10.7,11.7,9.2,1378,321,0,190,1,138,923,268,2984,1661,306,1287,0,5,34,6,0,3,92,31,172,89,1,70,0,148,338,93,0,38,79,0,51,51,62,67,17.11,10,4.91,15.24,0.4,15.8,-19,34.8,880,480,11.9,33,2058,1330,6409,45,126,156,262,106,318,-43.4,42.7,8.5,578,117,57,47.26,577
1986,H1760,FERLD,48.46587748,-79.34152449,297,-11.7,-8,-0.6,9.5,16.4,19.5,23.4,20.7,14.1,7.8,-2.3,-4.1,-25.4,-23.3,-14.3,-2.5,3.3,5,10.1,8.7,4.5,-0.9,-11.1,-15.1,-18.6,-15.7,-7.5,3.5,9.8,12.2,16.8,14.7,9.3,3.5,-6.7,-9.6,44,23,76,58,65,69,76,122,109,92,56,51,3.1,7,0.8,6.8,10.2,18.6,28.6,14.1,1.8,10,8,5.7,576,440,244,18,0,0,0,0,1,18,211,296,0,1,8,44,157,218,366,298,138,37,5,0,1131,939,791,436,254,174,58,110,261,452,741,852,0,0,0,0,7,4,21,9,2,0,0,0,0,0,0,0,20,30,31,31,29,0,0,0,44,23,75,13,2,1,0,0,5,29,54,51,0,0,0,58,98,117,128,98,54,28,0,0,0,0,0,0,33,48,52,0,0,0,0,0,41,37,46,59,59,55,60,63,69,70,63,45,4.42,2.27,7.59,3.45,0.13,-1.2,-2.13,4.24,6.1,7.36,5.62,5.14,-10.4,8.4,21.2,6.6,-24.3,-4.5,7.9,-2.5,-17.4,2,14.6,2,134,199,267,257,4.8,5.9,20.4,6.6,1571,263,0,230,1,209,882,179,3178,1481,342,1454,0,7,33,2,0,20,92,30,134,90,1,88,0,156,344,82,0,33,100,0,41,54,60,67,11.83,11.17,0.92,19.08,1,16.8,-18.6,35.3,841,441,13.1,38,1805,1270,6199,43,142,161,256,96,295,-43.4,42.7,9.6,582,133,56,42.99,523
1987,H1760,FERLD,48.46587748,-79.34152449,297,-7.9,-7.4,2.1,11.9,16.7,22.9,24,21.5,17.7,6.8,0.1,-4,-19,-23.1,-12.1,-2.2,2.5,8.9,11.8,9,7,-1.2,-7.8,-11.9,-13.5,-15.2,-5,4.9,9.6,15.9,17.9,15.3,12.4,2.8,-3.8,-8,37,29,35,53,63,99,115,83,96,88,46,79,4.1,13.1,15.4,9.8,10.2,16.6,13.4,18.7,14.3,9.4,8.1,3.7,419,428,180,11,0,0,0,0,0,23,146,257,0,0,7,57,152,325,400,319,223,30,6,1,974,927,715,395,260,85,38,97,175,473,654,802,0,0,0,0,6,20,35,12,7,0,0,0,0,0,0,0,13,30,31,31,30,0,0,0,36,29,33,5,2,0,0,0,1,37,38,76,0,0,0,67,102,129,127,102,63,26,0,0,0,0,0,14,39,30,12,19,0,0,0,0,53,37,46,54,56,58,64,62,66,72,67,54,3.68,2.85,3.53,1.96,-0.34,0.27,1.82,-0.27,3.16,7.26,4.48,7.94,-6.5,10.2,22.8,8.2,-19.1,-3.9,9.9,-0.6,-12.8,3.2,16.3,3.8,117,151,297,230,7.6,11.8,16.3,10.6,1144,192,0,169,0,216,1045,260,2753,1370,219,1302,0,6,67,7,0,13,92,30,115,40,0,76,0,168,358,89,0,53,61,0,48,52,61,68,14.47,5.15,1.82,14.89,2.8,17.9,-15.2,33.1,823,456,15.5,39.3,1466,1521,5593,79,136,149,262,113,241,-43.4,42.7,11.4,615,114,58,36.32,726
1988,H1760,FERLD,48.46587748,-79.34152449,297,-9.9,-10.9,-2.2,6.6,18.1,20.2,26.1,21.9,16,6.5,1.8,-9.2,-23.1,-27.3,-17.1,-4.2,2.6,6.3,11.7,11,6.1,-1.1,-3.6,-20.7,-16.5,-19.1,-9.6,1.2,10.4,13.2,18.9,16.5,11.1,2.7,-0.9,-15,79,69,55,59,76,83,49,197,118,87,70,52,2.1,8,7.8,3.8,29.8,24.9,21.8,2.1,9.8,3,1,3.8,514,535,302,39,0,0,0,0,0,23,80,465,0,1,10,30,173,246,431,356,187,30,16,0,1068,1034,859,504,233,145,25,69,206,476,568,1018,0,0,0,0,10,6,53,21,4,0,0,0,0,0,0,0,14,30,31,31,30,0,0,0,79,69,55,35,1,0,0,0,2,38,26,52,0,0,0,49,109,118,142,99,58,25,0,0,0,0,0,0,33,35,93,0,0,0,0,0,44,33,42,61,52,57,58,67,68,73,79,66,7.91,6.89,5.48,4.53,-0.03,0.09,-6.78,11.43,6.18,7.22,6.48,5.19,-8.3,7.5,22.7,8.1,-20.8,-6.2,9.7,0.5,-14.5,0.6,16.2,4.3,227,190,330,275,4.6,13.8,16.3,4.6,1305,342,0,103,1,213,1034,233,2904,1596,239,1250,0,10,80,4,0,14,92,30,224,92,1,67,0,158,359,83,0,33,128,0,48,52,61,73,20,9.98,4.74,19.88,1.1,18.9,-19.1,38,994,524,11.1,36.1,1959,1481,6205,94,136,157,261,103,392,-43.4,42.7,9.8,601,161,57,54.59,700
1989,H1760,FERLD,48.46587748,-79.34152449,297,-7.2,-10.4,-4.3,4.5,15.8,20.7,25.5,20.8,18.2,9.7,-3.9,-15.3,-23.3,-26.4,-20,-7,3.8,7.8,10.4,9.1,5.6,1.2,-11.9,-28.5,-15.3,-18.4,-12.1,-1.2,9.8,14.3,17.9,14.9,11.9,5.4,-7.9,-21.9,63,12,64,25,127,107,100,73,64,82,106,49,5.8,13.3,14.2,21.6,13.2,13.6,44.3,11.1,20.8,7,2,6.2,474,516,379,81,0,0,0,0,0,8,239,678,0,2,12,23,157,277,401,305,211,63,8,0,1029,1016,936,577,254,122,38,104,186,390,777,1233,0,0,0,1,10,10,35,10,6,1,1,0,0,0,0,0,25,30,31,31,30,3,0,0,62,12,64,23,3,0,0,0,1,9,105,49,0,0,0,0,94,117,141,98,68,30,0,0,0,0,0,0,0,10,41,25,3,0,0,0,36,35,38,57,62,61,56,64,60,71,66,50,6.3,1.22,6.37,1.8,6.71,2.48,-1.45,-0.7,-0.68,5.64,10.61,4.88,-9,5.3,22.3,8,-23.5,-7.7,9.1,-1.7,-16.2,-1.2,15.7,3.1,127,216,280,252,7.6,16.3,23,10,1456,460,0,247,2,191,983,281,3063,1767,263,1354,0,11,55,8,0,25,92,33,126,89,1,114,0,94,357,98,0,0,76,3,40,52,60,66,12.4,14.88,0.33,15.57,-0.2,17.9,-21.9,39.8,872,471,11.2,38,2376,1458,6661,75,149,149,262,113,283,-43.4,42.7,14.4,548,79,54,43.18,663
1990,H1760,FERLD,48.46587748,-79.34152449,297,-5.4,-7.6,0.1,8.3,14.2,21.2,23.7,22.4,14.8,8,1.9,-6.4,-20,-23.4,-14.1,-4.2,1.2,8.9,10.6,9.9,4.6,-0.6,-6.6,-18.3,-12.7,-15.5,-7,2,7.7,15.1,17.2,16.1,9.7,3.7,-2.3,-12.4,64,69,30,38,73,127,121,89,132,115,70,69,4.1,8,12.8,-0.2,20,11.6,15.4,33.1,8.8,7.6,4,3.9,395,436,233,30,1,0,0,0,1,16,110,385,0,0,5,28,99,302,378,345,148,39,8,0,950,935,777,479,319,102,50,77,250,444,610,937,0,0,0,0,4,14,25,18,3,0,0,0,0,0,0,0,4,30,31,31,30,0,0,0,62,69,30,17,4,0,0,0,5,32,43,69,0,0,0,55,90,118,129,105,56,28,0,0,0,0,0,17,18,0,8,16,0,0,0,0,41,36,44,56,58,62,61,62,67,71,67,42,6.41,6.92,3.02,2.02,2.46,4.37,2.25,-0.08,7.9,9.56,6.63,6.87,-9.4,7.5,22.4,8.2,-24,-5.7,9.8,-0.8,-16.7,0.9,16.1,3.7,182,141,337,316,6.1,10.8,20.1,6.8,1510,264,0,127,0,132,1026,196,3117,1575,230,1304,0,4,57,3,0,4,92,30,180,51,1,80,0,146,351,84,0,35,24,0,40,53,62,68,20.2,7.5,6.55,24.09,1.8,17.2,-15.5,32.7,996,541,11.9,31.8,1607,1354,5930,63,126,150,257,107,290,-43.4,42.7,10.8,581,59,56,58.34,637
1991,H1760,FERLD,48.46587748,-79.34152449,297,-12.1,-5.3,-0.2,9.5,17.6,23.7,24.6,23.2,15,8.8,1.2,-7.6,-26.8,-18.9,-15.2,-2.8,4.1,9,11,10.6,4.6,0.2,-6.7,-18.6,-19.5,-12.1,-7.7,3.3,10.8,16.4,17.8,16.9,9.8,4.5,-2.8,-13.1,54,23,50,51,69,61,79,111,111,97,56,40,5.1,12,16.2,10.8,27.7,49.2,21.7,23.3,6.8,8.8,4,4.2,604,341,250,19,0,0,0,0,1,12,120,408,0,1,10,45,187,340,397,369,152,49,11,0,1159,839,799,441,223,74,39,60,246,420,622,960,0,0,0,1,10,24,33,25,3,0,0,0,0,0,0,0,26,30,31,31,30,1,0,0,54,23,49,13,1,0,0,0,4,18,38,40,0,0,0,58,104,134,133,108,57,29,0,0,0,0,0,7,34,73,55,0,0,0,0,0,38,45,42,58,58,56,60,62,66,71,68,50,5.4,2.26,4.96,2.85,-0.09,-4.21,-2.58,1.64,5.66,7.54,5.28,4.04,-8,8.9,23.8,8.3,-21.3,-4.7,10.2,-0.6,-14.6,2.1,17,3.9,145,170,250,264,7,18.2,31.4,6.5,1330,270,0,133,1,241,1106,211,2935,1463,174,1289,0,11,83,3,0,26,92,30,145,63,0,60,0,162,375,86,0,41,128,0,44,52,59,68,11.7,7.71,-5.14,18.49,2,17.8,-19.5,37.3,801,430,15,41.4,1756,1560,5884,96,149,146,259,112,288,-43.4,42.7,15.8,623,169,56,32.75,760
1992,H1760,FERLD,48.46587748,-79.34152449,297,-11.1,-9.4,-4.2,5.4,16.6,19.3,21,20,16.4,6.5,-1.3,-5.7,-22.5,-23.5,-18.9,-6.9,1.7,5.5,8.4,8.6,5.9,-1.2,-7.9,-16,-16.8,-16.4,-11.6,-0.8,9.2,12.4,14.7,14.3,11.1,2.6,-4.6,-10.8,50,42,42,53,67,55,96,125,129,51,69,71,3.1,8,16.3,10.8,39.8,36.4,14.4,15.1,4.8,13.4,5.5,1.7,522,461,362,71,1,0,0,0,0,24,166,338,0,0,2,13,138,223,298,289,190,29,4,0,1076,960,919,563,275,168,110,118,204,478,678,890,0,0,0,0,4,4,7,8,5,0,0,0,0,0,0,0,6,30,31,31,30,0,0,0,49,42,42,46,2,0,0,0,2,23,61,70,0,0,0,0,102,115,117,95,60,25,0,0,0,0,0,0,35,59,22,0,0,0,0,0,50,41,41,55,53,57,61,65,66,73,72,53,4.95,4.15,4.15,4.44,0.24,-2.29,1.26,4.92,6.93,3.58,6.87,7.06,-9.4,5.9,20.1,7.2,-21.5,-8.1,7.5,-1.1,-15.4,-1.1,13.8,3.1,131,162,276,248,5.1,22.3,22,7.9,1390,434,0,190,0,152,809,223,2996,1756,396,1360,0,4,19,5,0,6,92,30,131,89,1,86,0,102,327,85,0,35,81,0,48,50,61,70,16.16,8.83,3.89,17.38,0.3,14.7,-16.8,31.5,848,472,12.1,31.1,1944,1184,6437,27,128,160,259,99,281,-43.4,42.7,14.1,515,116,58,46.27,468
1993,H1760,FERLD,48.46587748,-79.34152449,297,-10,-11.8,-0.4,6.5,14.7,21.3,23.9,23.5,14.6,5,-1.9,-6.4,-23.9,-28.4,-15,-5.3,3.1,7.4,12.6,11.4,3.4,-1.3,-11.2,-16.9,-17,-20.1,-7.7,0.6,8.9,14.4,18.3,17.4,9,1.8,-6.6,-11.7,36,18,27,72,126,80,114,120,103,99,57,52,7.2,16,24.5,7.8,1.2,29.5,21.4,6.1,14.9,-1,4.5,2.7,527,564,250,48,1,0,0,0,1,32,208,364,0,1,11,28,131,280,412,386,128,23,7,0,1081,1063,799,522,282,120,32,50,271,503,737,916,0,0,0,0,8,10,41,32,2,0,0,0,0,0,0,0,19,30,31,31,24,0,0,0,36,18,27,50,5,0,0,0,5,58,55,52,0,0,0,50,89,123,123,107,57,22,0,0,0,0,0,0,0,43,9,0,0,0,0,0,42,32,43,57,63,58,66,63,64,77,61,56,3.6,1.79,2.74,5.91,7.44,-0.82,2.04,2.58,5.17,8.79,5.74,5.21,-9.2,6.9,22.9,5.9,-22.8,-5.7,10.5,-3.1,-16,0.6,16.7,1.4,124,225,314,259,8.3,11.2,19,6.1,1428,298,0,242,1,169,1078,159,3034,1603,202,1511,0,8,83,2,0,19,92,24,124,82,0,119,0,139,353,79,0,0,52,0,43,54,62,67,10.61,16.09,3.8,19.69,0.6,18.3,-20.1,38.4,904,543,11.7,33.7,1994,1408,6377,93,135,154,252,99,292,-43.4,42.7,11.2,572,52,57,50.18,688
1994,H1760,FERLD,48.46587748,-79.34152449,297,-19,-11.1,-0.6,4.9,14.7,22.7,23.5,20,17.6,11.3,2.6,-3,-32.8,-25.3,-12.6,-7.2,0.3,8.8,11.6,8.2,6.2,2.2,-4.7,-12,-25.9,-18.2,-6.6,-1.2,7.5,15.7,17.5,14.1,11.9,6.8,-1.1,-7.5,37,30,44,66,43,98,71,113,96,63,73,30,9.1,8,10.8,-0.2,20.3,27.9,-0.6,16.8,20.7,12.7,8,6.4,802,510,223,79,1,0,0,0,0,5,83,244,0,2,18,29,94,322,389,282,211,87,19,0,1356,1009,765,575,325,88,44,122,186,349,572,786,2,2,2,2,11,19,30,7,6,3,3,2,0,0,0,0,1,30,31,31,30,7,0,0,37,30,43,58,3,0,0,0,1,3,29,28,0,0,0,0,94,128,124,96,64,33,0,0,0,0,0,0,51,30,54,0,0,0,0,0,38,40,52,55,54,58,64,63,64,70,72,55,3.67,2.95,4.39,5.79,-0.73,0.27,-2.32,3.6,3.05,3.04,6.72,2.97,-12.2,6.3,22.1,10.5,-25,-6.5,9.5,1.2,-18.6,-0.1,15.8,5.9,118,153,281,232,6.6,10.3,14.7,13.8,1676,304,0,88,2,142,993,317,3282,1665,254,1108,5,15,55,12,0,1,92,37,118,104,1,33,0,94,348,97,0,51,84,0,44,54,62,68,9.6,9.44,1.54,12.81,1.1,17.5,-25.9,43.4,761,420,14.6,41.7,1947,1453,6178,87,130,149,265,116,332,-43.4,42.7,11.7,539,135,58,33.39,650
1995,H1760,FERLD,48.46587748,-79.34152449,297,-8.3,-11.1,-0.6,3.3,15.2,24.8,24.4,24.1,15.2,10.3,-3.8,-10.4,-18.3,-24.9,-12.2,-7.9,2,9.8,12.5,10.4,3.6,2.8,-13.3,-19.8,-13.3,-18,-6.4,-2.3,8.6,17.3,18.4,17.3,9.4,6.5,-8.5,-15.1,55,55,44,60,115,60,111,43,97,99,119,36,1.1,3,21.8,28.7,19.4,38.7,11.4,35.1,14.8,-2,3,3.7,414,506,217,105,1,0,0,0,1,5,257,468,0,1,10,15,122,368,416,380,139,82,5,0,969,1005,757,609,292,56,30,53,259,356,796,1021,0,0,0,0,7,35,44,29,2,0,0,0,0,0,0,0,8,30,31,31,26,12,0,0,54,55,42,56,5,0,0,0,4,5,118,36,0,0,0,0,94,139,127,113,59,30,0,0,0,0,0,0,0,79,16,70,0,0,0,0,57,41,53,57,58,56,64,59,63,75,60,62,5.53,5.5,4.36,5.48,6.08,-5.04,1.27,-5.91,4.15,7.16,11.95,3.63,-7.5,6,24.4,7.2,-18.4,-6,10.9,-2.3,-12.9,0,17.7,2.5,140,219,214,315,3.5,23.3,28.4,5.3,1164,322,0,263,2,147,1165,226,2760,1658,140,1411,0,7,108,2,0,8,92,38,137,104,0,128,0,94,379,89,0,0,165,0,53,56,60,66,14.66,15.91,-9.68,23.26,1.2,18.4,-18,36.4,894,426,12.5,43.3,1973,1539,6203,117,138,145,259,114,274,-43.4,42.7,14.9,562,165,59,44.16,783
1996,H1760,FERLD,48.46587748,-79.34152449,297,-12.2,-9.6,-3.5,3.6,13.3,23.4,22.2,23,19.5,9,-1.9,-5.5,-26.8,-25.2,-17.1,-7.2,-0.3,9.8,10.9,10.2,7.2,0.3,-9.1,-12.7,-19.5,-17.4,-10.3,-1.8,6.5,16.6,16.5,16.6,13.3,4.6,-5.5,-9.1,78,42,29,70,40,78,115,68,79,83,41,83,5.7,11.1,12.8,19.5,49,9.6,2.4,15.1,7.8,-1,5,-0.3,606,488,323,93,3,0,0,0,0,11,187,285,0,1,8,16,72,348,358,360,252,51,6,0,1161,987,879,593,357,69,64,67,150,416,705,837,0,0,0,0,5,27,18,22,10,0,0,0,0,0,0,0,1,30,31,31,30,1,0,0,78,42,28,65,4,0,0,0,0,14,39,81,0,0,0,0,88,130,117,107,70,29,0,0,0,0,0,0,48,51,3,39,0,0,0,0,38,36,45,59,56,59,66,61,62,70,70,58,7.79,4.17,2.85,6.41,-0.2,-2,2.98,-2.53,0.34,6.01,4.13,8.29,-10.7,4.5,22.8,8.9,-23.9,-8.2,10.3,-0.6,-17.3,-1.9,16.6,4.2,156,138,261,203,6.8,27.1,9.1,3.9,1562,418,0,198,1,95,1065,309,3169,1829,200,1270,0,5,67,10,0,1,92,31,156,97,0,53,0,88,354,99,0,48,93,0,44,53,62,67,20.25,9.06,-1.55,10.47,0.9,16.6,-19.5,36.2,805,380,13.5,43.8,1996,1470,6284,83,123,147,263,116,299,-43.4,42.7,11.4,542,141,58,38.24,733
1997,H1760,FERLD,48.46587748,-79.34152449,297,-12.6,-8.5,-3.7,7.6,11.4,24.5,24.4,21,17.2,9.4,-0.7,-5.3,-24.2,-25.5,-19.4,-5.9,0,9.2,11.5,8.9,6.5,0.7,-8.7,-15.8,-18.4,-17,-11.6,0.8,5.7,16.9,17.9,15,11.9,5.1,-4.7,-10.5,101,30,46,30,67,93,92,79,87,51,66,42,5.1,9.1,14.4,33.7,26.1,17.6,16.4,9.1,7.8,5,7.4,5.7,572,478,361,44,4,0,0,0,0,10,168,329,0,1,7,26,57,355,401,306,210,56,7,0,1127,976,918,515,381,64,38,103,187,403,680,881,0,0,0,0,5,30,35,10,6,0,0,0,0,0,0,0,1,30,31,31,30,1,0,0,100,30,46,20,9,0,0,0,1,7,58,42,0,0,0,54,78,139,130,100,62,30,0,0,0,0,0,24,11,45,39,21,0,0,0,0,49,32,38,52,62,55,62,63,66,71,67,68,10.07,3.04,4.65,1.53,3.43,-1.63,-0.95,-0.36,2.37,2.64,6.52,4.19,-8.9,5.1,23.3,8.7,-20.8,-8.4,9.9,-0.5,-14.9,-1.7,16.6,4.1,214,143,264,203,4.7,24.7,14.4,6.7,1335,409,0,178,1,91,1062,274,2940,1814,204,1270,0,5,76,6,0,1,92,31,212,75,0,66,0,132,369,92,0,35,105,0,50,51,60,68,17.3,9.61,-2.93,11.53,0.9,17.9,-18.4,36.3,783,417,14,43,1965,1428,6272,87,124,149,263,113,341,-43.4,42.7,13.1,593,140,56,35.5,704
1998,H1760,FERLD,48.46587748,-79.34152449,297,-8.7,-1.8,0.1,10.9,20,22.6,24.3,22.7,16.7,9.8,1.4,-4.3,-20.9,-14.7,-13.3,-2.9,4.2,10.9,11.4,10.4,6.6,0.9,-4.3,-14.1,-14.8,-8.2,-6.6,4,12.1,16.7,17.8,16.6,11.7,5.3,-1.4,-9.2,44,26,81,24,39,104,104,97,122,37,98,51,3.1,12.6,4.8,32.4,32.4,-3.4,15.4,10.1,8.8,10.1,1,3.7,461,239,222,15,0,0,0,0,0,9,90,287,0,1,5,45,225,352,398,360,204,61,10,1,1016,730,764,421,191,66,39,67,192,393,583,839,0,0,0,0,10,28,34,22,6,0,0,0,0,0,0,0,27,30,31,31,30,2,0,0,43,25,79,4,0,0,0,0,2,4,45,50,0,0,0,64,116,121,130,105,60,31,0,0,0,0,0,39,77,17,26,8,0,0,0,0,48,48,47,54,52,64,61,63,68,70,77,56,4.36,2.64,8.05,-0.38,-4.6,1.55,0.34,0.61,6.27,1.15,9.38,5.11,-5.3,10.3,23.2,9.3,-17.1,-4,10.9,1.1,-11.2,3.2,17,5.2,112,144,305,257,7.2,23.2,7.4,6.6,1029,238,0,99,1,276,1109,276,2627,1377,172,1169,0,10,84,6,0,27,92,32,110,83,0,51,0,180,357,90,0,116,51,0,50,51,63,72,12.11,3.08,2.51,16.81,3.7,17.8,-14.8,32.7,828,466,16.5,38.2,1324,1662,5303,99,151,140,265,125,243,-43.4,42.7,10.9,627,167,59,34.5,823
1999,H1760,FERLD,48.46587748,-79.34152449,297,-10.4,-3.4,0.2,8.1,19.5,23.3,25.4,21.5,19.6,7.5,2.6,-4.9,-24.8,-18.6,-13.4,-4,4.3,10.8,13.1,9.5,8,-1,-4.3,-13.1,-17.6,-11,-6.6,2,11.9,17.1,19.3,15.5,13.8,3.3,-0.9,-9,68,46,30,27,60,126,82,86,119,103,66,56,4.1,10,25.3,45.7,27.2,22,15.4,24,11.8,4,3,2.7,548,310,222,30,0,0,0,0,0,19,78,283,0,2,10,34,215,361,443,327,265,35,15,0,1102,808,764,480,197,60,21,90,138,458,566,834,0,0,0,0,12,32,61,14,12,0,0,0,0,0,0,0,27,30,31,31,30,0,0,0,68,46,30,12,1,0,0,0,1,35,24,55,0,0,0,54,114,126,132,101,69,27,0,0,0,0,0,28,54,0,50,15,0,0,0,0,39,40,47,58,54,62,64,63,64,70,73,59,6.79,4.64,3.04,0.9,-2.18,3.1,-2.36,0.24,4.55,8.54,5.97,5.62,-6,9.3,23.4,9.9,-19.2,-4.4,11.2,0.9,-12.6,2.4,17.3,5.4,165,117,294,288,5.9,32.7,20.5,6.3,1145,252,0,97,2,259,1131,315,2749,1441,171,1162,0,12,107,12,0,27,92,30,164,42,0,60,0,168,359,96,0,82,65,0,46,53,63,69,17.05,1.77,0.98,19.06,3.1,19.3,-17.6,36.9,869,473,15.1,40.7,1490,1707,5517,131,149,141,265,124,258,-43.4,42.7,16.3,623,147,58,38.86,874
2000,H1760,FERLD,48.46587748,-79.34152449,297,-11,-4.6,2.1,7.5,15.9,19.3,22.9,21.9,15.5,11.5,1.6,-11.4,-24.4,-19.8,-10.4,-6.1,3.7,7,10.4,10.3,5.4,0.7,-5.3,-20.6,-17.7,-12.2,-4.1,0.7,9.8,13.2,16.7,16.1,10.4,6.1,-1.8,-16,65,25,58,27,88,113,81,135,75,44,73,46,8.1,15.5,14.8,44.9,7.2,11.6,25.1,8.1,2.8,13,0,3.7,549,344,156,46,0,0,0,0,1,6,99,496,0,1,10,22,157,245,363,346,169,74,11,0,1104,842,687,519,254,146,60,76,228,370,595,1050,0,0,0,0,7,6,20,18,4,0,0,0,0,0,0,0,24,30,31,31,30,1,0,0,64,24,50,18,2,1,0,0,2,3,39,46,0,0,0,54,95,111,124,101,57,35,0,0,0,0,0,27,7,0,43,0,0,0,0,0,43,39,52,52,61,62,62,65,68,64,73,65,6.46,2.46,5.64,1.25,2.74,3.83,-1.11,5.05,1.97,1.09,6.91,4.63,-6.9,8.5,21.4,9.5,-19.1,-4.2,9.3,0.3,-13,2.1,15.3,4.9,145,173,330,192,8.8,22.3,14.9,5.3,1177,203,0,106,1,189,953,254,2780,1460,283,1193,0,7,43,4,0,24,92,31,144,70,1,44,0,149,336,92,0,34,43,0,49,55,63,68,13.55,9.62,7.76,9.96,1.8,16.7,-17.7,34.4,830,492,14.2,33.9,1699,1397,5931,53,147,152,262,109,275,-43.4,42.7,12.9,577,77,58,40.89,609
2001,H1760,FERLD,48.46587748,-79.34152449,297,-8.6,-9.2,-1.5,8.8,18,23,23.4,24.3,17.3,9.3,3.6,-2.6,-20.4,-23,-15.6,-3.7,5.2,9.7,10.6,11.8,7,1.5,-3.1,-10.1,-14.5,-16.1,-8.6,2.6,11.6,16.4,17,18,12.2,5.4,0.2,-6.3,52,82,36,72,74,74,60,89,140,98,68,74,6.3,2,27.1,27.9,18.2,21.6,12.4,10.1,4.8,-1,-6,-0.3,452,453,269,25,0,0,0,0,0,8,58,212,0,0,6,34,208,341,373,404,218,62,17,2,1007,951,826,463,204,74,53,40,180,392,533,751,0,0,0,0,9,25,23,41,7,0,0,0,0,0,0,0,30,30,31,31,30,4,0,0,51,82,36,26,1,0,0,0,1,11,14,66,0,0,0,57,103,127,127,110,61,29,13,0,0,0,0,0,29,53,67,21,0,0,0,0,49,42,44,56,60,60,61,63,67,74,75,58,5.16,8.17,3.61,5.16,0.4,-2.11,-3.61,-1.02,7.81,7.48,6,7.41,-9.7,8.4,23.6,10,-21.4,-4.7,10.7,1.8,-15.5,1.9,17.1,5.9,180,182,224,306,4,24.4,14.7,-0.7,1401,294,0,67,0,248,1119,297,3008,1493,167,1105,0,9,89,7,0,30,92,34,179,63,0,27,0,160,365,103,0,29,141,0,50,54,61,72,20.74,9.16,-6.73,21.29,3.2,18,-16.1,34.2,920,438,14.3,41.2,1478,1666,5473,105,156,143,267,124,285,-43.4,42.7,10.3,628,170,60,44.46,830
2002,H1760,FERLD,48.46587748,-79.34152449,297,-8.4,-6.9,-3.8,6.3,13.3,21,25,23.5,19.6,5.9,-2.2,-5.4,-18.6,-20.5,-18.3,-5.3,1.2,8.7,12.2,11.2,8.4,-1.6,-10.5,-14.6,-13.5,-13.7,-11,0.5,7.2,14.8,18.6,17.3,14,2.2,-6.3,-10,45,81,79,46,40,101,81,38,88,83,68,48,5.1,0,7.8,28.7,16.2,18.6,18.4,25.7,8.8,7,6,3.7,421,385,345,49,2,0,0,0,0,29,204,304,0,0,3,19,87,295,423,382,270,25,3,0,975,883,902,525,335,109,28,52,134,493,730,864,0,0,0,0,3,12,48,30,13,0,0,0,0,0,0,0,3,30,31,31,30,0,0,0,44,81,79,33,3,0,0,0,0,44,65,48,0,0,0,49,85,117,133,108,68,24,0,0,0,0,0,3,45,16,52,70,0,0,0,0,56,44,42,58,61,62,62,63,65,73,65,68,4.55,8.13,7.87,3.43,-0.17,1.91,-2.37,-5.7,1.49,6.96,6.76,4.83,-6,5.3,23.1,7.8,-16.4,-7.5,10.7,-1.2,-11.2,-1.1,16.9,3.3,201,166,220,238,1.6,17.5,20.9,7.3,1018,396,0,233,2,108,1099,299,2609,1762,189,1356,0,3,90,13,0,3,92,30,192,115,0,109,0,135,357,92,0,48,138,0,56,54,62,68,17.5,11.13,-6.17,15.21,1.7,18.6,-13.7,32.3,799,348,14.6,53.5,1739,1507,6029,106,126,150,263,113,334,-43.4,42.7,12.2,584,186,59,37.68,781
2003,H1760,FERLD,48.46587748,-79.34152449,297,-13.1,-12,-2.5,3.5,17,23,22.5,23.3,18.4,8.3,1.4,-4.9,-23.8,-26.2,-16.3,-8.1,2.6,8,12,12.2,8.3,1,-4.4,-13.8,-18.4,-19.1,-9.4,-2.3,9.8,15.5,17.2,17.7,13.4,4.7,-1.5,-9.4,31,44,36,43,59,91,112,97,115,85,63,60,9.1,11,16.6,30.8,34.3,48,-1.6,9.1,9.8,5,5.5,4.6,572,537,284,105,0,0,0,0,0,11,92,291,0,1,9,16,157,314,380,396,252,51,13,0,1127,1036,851,609,254,93,49,44,149,415,585,845,0,0,0,0,8,17,26,36,10,0,0,0,0,0,0,0,14,30,31,31,30,2,0,0,31,44,35,41,1,0,0,0,1,14,30,59,0,0,0,0,103,132,116,103,63,27,0,0,0,0,0,0,44,41,4,7,0,0,0,0,52,40,45,56,55,55,68,66,68,75,77,60,3.11,4.44,3.55,3.79,-0.95,-0.9,2.79,0.7,4.92,6.44,5.91,5.97,-10.2,6,22.9,9.4,-21.5,-7.3,10.7,1.6,-15.9,-0.6,16.8,5.5,124,138,300,263,8,27.2,18.5,6.7,1413,390,0,103,1,182,1090,316,3027,1714,187,1149,0,8,79,10,0,14,92,32,123,77,0,45,0,103,351,90,0,44,52,0,51,52,63,73,13.53,6.39,2.59,17.27,1.5,17.7,-19.1,36.9,836,474,13.8,37.4,1893,1589,6057,97,138,150,267,117,294,-43.4,42.7,15.2,545,96,60,39.78,790
2004,H1760,FERLD,48.46587748,-79.34152449,297,-17.2,-6,0.5,5.5,13.2,20.2,23.7,19.5,19.5,10.6,1.5,-9.6,-26.8,-18.3,-12.6,-6.3,1.1,7.7,11.5,9.9,7.8,1.6,-4.9,-21,-22,-12.2,-6,-0.4,7.2,13.9,17.6,14.7,13.7,6.1,-1.7,-15.3,31,37,36,28,63,104,133,95,52,83,61,65,7.6,12.6,19.4,28.6,11.2,26.7,18.4,11.1,22.1,7.3,7.9,4.7,682,343,207,64,2,0,0,0,0,6,96,475,0,2,14,25,87,268,391,299,261,74,15,0,1237,841,746,552,335,130,42,109,142,370,591,1028,0,0,0,1,8,8,31,9,11,1,1,0,0,0,0,0,3,30,31,31,30,4,0,0,31,37,35,23,5,0,0,0,0,6,31,65,0,0,0,0,85,114,126,88,69,32,0,0,0,0,0,0,22,10,0,0,17,0,0,0,55,48,49,57,61,62,63,70,63,70,75,62,3.1,3.67,3.6,1.88,2.09,2.52,3.72,2.71,-2.2,5.37,5.65,6.51,-9.4,6.4,21.1,10.6,-19.7,-5.9,9.7,1.5,-14.5,0.3,15.4,6,127,127,332,196,8.2,19.7,18.8,12.4,1316,273,0,103,2,126,958,350,2922,1634,281,1103,0,9,48,14,0,3,92,34,126,63,1,37,0,85,328,101,0,22,10,17,55,55,65,69,13.29,7.57,8.95,8.82,1.3,17.6,-22,39.6,789,448,14.3,39.3,1876,1435,6123,71,129,153,267,113,235,-43.4,42.7,14.8,514,49,60,38.63,648
2005,H1760,FERLD,48.46587748,-79.34152449,297,-11.8,-6,-1.9,9.5,15.7,25.2,25.9,24.3,19.6,10.8,0.8,-7.5,-26,-18.7,-16.3,-2.4,3.4,11.9,11.8,11.4,7.6,2.9,-6.8,-16.3,-18.9,-12.4,-9.1,3.6,9.5,18.6,18.9,17.8,13.6,6.9,-3,-11.9,45,30,23,53,56,75,53,72,98,74,104,35,10,8,23.1,24.8,15.2,19.6,24.5,8.1,16.9,6,-2,4.7,586,349,279,18,0,0,0,0,0,5,126,371,0,1,10,48,149,406,430,398,260,88,11,0,1140,846,843,433,263,36,25,43,143,346,629,924,0,0,0,1,8,55,53,37,11,0,0,0,0,0,0,0,21,30,31,31,30,13,0,0,45,30,22,12,2,0,0,0,1,3,74,35,0,0,0,58,94,135,140,112,70,31,0,0,0,0,0,5,39,60,87,39,0,0,0,0,40,47,43,59,61,61,59,61,63,74,69,51,4.48,3,2.25,2.99,-0.3,-3.22,-6.16,-2.86,2.26,4.44,10.14,3.5,-9.1,7.8,25.1,10.4,-21.9,-5.1,11.7,1.3,-15.5,1.3,18.4,5.8,140,132,200,276,7.6,21.1,17.4,7,1409,297,0,130,1,207,1235,359,3015,1538,104,1118,0,10,145,11,0,21,92,43,140,36,0,77,0,153,387,100,0,44,186,0,46,54,60,69,10.98,4.95,-12.24,16.84,2.8,18.9,-18.9,37.7,718,354,17.8,53.3,1733,1802,5671,166,156,136,270,135,213,-43.4,42.7,13.3,640,230,58,20.53,945
2006,H1760,FERLD,48.46587748,-79.34152449,297,-5.6,-9.1,0.3,9.7,17.9,22.9,25,21.7,16.4,8,1.9,-2.7,-16.2,-21.6,-10.2,-3.1,5.2,9.5,12.4,9.4,5.4,0.6,-3.8,-10.5,-10.9,-15.3,-5,3.3,11.5,16.2,18.7,15.6,10.9,4.3,-1,-6.6,65,51,54,71,42,58,134,69,115,86,53,48,3.1,6,14.9,30.4,6.2,28.6,12.4,30.7,15.1,2,1,2.7,340,431,179,19,0,0,0,0,0,13,81,220,0,0,8,41,206,335,425,328,183,46,13,2,895,930,714,440,206,78,27,90,214,426,569,759,0,0,0,0,9,23,49,14,4,0,0,0,0,0,0,0,30,30,31,31,30,1,0,0,61,51,50,18,0,0,0,0,2,18,20,43,0,0,0,60,103,127,132,102,61,27,0,0,0,0,0,0,61,70,0,33,0,0,0,0,55,47,58,56,60,60,62,63,65,75,77,62,6.49,5.07,5.43,4.77,-2.8,-3.73,2.91,-1.65,5.5,6.65,4.77,4.76,-7.4,9.3,23.2,8.8,-18,-2.7,10.4,0.7,-12.7,3.3,16.8,4.7,151,167,260,254,4.6,17.2,23.9,6,1142,199,0,94,0,255,1088,242,2748,1361,194,1209,0,9,85,4,0,30,92,31,146,69,0,40,0,162,362,87,0,61,103,0,55,58,61,72,16.31,7.4,-2.48,16.93,3.5,18.7,-15.3,34.1,845,417,16,44.8,1284,1587,5348,99,154,144,262,118,254,-43.4,42.7,12.8,611,164,62,38.17,773
2007,H1760,FERLD,48.46587748,-79.34152449,297,-8.5,-12.2,-0.9,7.1,17.4,22.4,23.2,21.9,18.1,11.2,-0.1,-7.8,-19,-25.1,-14.7,-4.1,3.6,9.4,11.5,10.3,6.9,3.5,-7.4,-17.4,-13.7,-18.7,-7.8,1.5,10.5,15.9,17.4,16.1,12.5,7.3,-3.7,-12.6,34,26,52,65,61,83,54,90,58,73,55,64,5.1,14.9,16.9,7.8,32.5,16.6,16.4,14.1,15.7,-5,3,4.7,428,524,252,36,0,0,0,0,0,4,145,392,0,1,8,29,176,326,384,345,227,98,8,0,983,1023,802,496,231,84,47,77,172,333,652,945,0,0,0,0,8,20,27,18,8,0,0,0,0,0,0,0,23,30,31,31,30,18,0,0,34,26,52,36,1,0,0,0,1,2,45,64,0,0,0,51,103,124,123,101,65,31,0,0,0,0,0,0,42,41,68,11,7,0,0,0,54,44,45,60,57,61,65,65,65,74,70,67,3.44,2.55,5.23,4.97,-0.85,-0.79,-3.71,0.54,-0.98,4.17,5.39,6.38,-7.8,7.9,22.5,9.7,-18.2,-5.1,10.4,1,-13,1.4,16.5,5.4,108,178,228,186,7.6,19.1,15.7,4.6,1172,289,0,149,2,213,1055,333,2765,1530,208,1156,0,8,65,8,0,23,92,48,103,89,0,47,0,154,348,96,0,42,120,7,55,54,63,70,12.37,9.35,-3.96,8.58,2,17.4,-18.7,36,716,347,16.8,50,1781,1602,5844,81,163,142,270,128,232,-43.4,42.7,11.9,598,169,60,26.34,760
2008,H1760,FERLD,48.46587748,-79.34152449,297,-7.4,-8.8,-3.8,9,12.7,21.3,23.1,22.5,17.4,9.1,1.4,-8.4,-18.5,-22.3,-18,-2.5,1.9,10.9,12.5,10.7,5.9,0.7,-5.5,-20.3,-12.9,-15.6,-10.9,3.2,7.3,16.1,17.8,16.6,11.6,4.9,-2,-14.4,62,42,45,51,109,82,153,67,88,64,63,84,4.1,10,17.3,28.6,7.2,-3.4,-0.6,14.1,19.2,-2,4.4,4.7,403,438,340,20,2,0,0,0,0,10,104,446,0,0,4,39,89,332,398,361,203,54,9,0,958,936,897,444,331,80,39,66,193,408,601,999,0,0,0,0,4,22,34,22,5,0,0,0,0,0,0,0,8,30,31,31,30,1,0,0,60,42,45,13,8,0,0,0,1,9,36,84,0,0,0,56,81,112,118,103,64,29,0,0,0,0,0,5,0,30,0,36,0,0,0,0,53,43,43,60,65,68,68,64,64,72,72,58,6.22,4.18,4.53,2.97,6.99,0.33,6.53,-2.12,2.36,4.12,5.95,8.43,-8,6,22.3,9.3,-19.4,-6.2,11.4,0.4,-13.7,-0.1,16.8,4.8,168,206,302,216,6.3,17.7,3.4,7.2,1233,362,0,114,0,132,1091,267,2839,1672,184,1202,0,4,78,5,0,8,92,31,166,66,0,47,0,137,334,93,0,5,66,0,51,56,67,69,18.83,14.49,4.73,12.43,1.8,17.8,-15.6,33.4,912,500,13,35.6,1763,1490,5952,87,131,143,262,119,280,-43.4,42.7,8.6,564,71,60,50.49,735
2009,H1760,FERLD,48.46587748,-79.34152449,297,-14,-7.9,-1,6.3,13.1,22,21.8,21.4,18.8,7,4.7,-7.3,-26.1,-20.5,-15.1,-5.3,0.3,9.5,11.7,10.6,7,0,-1.5,-15.5,-20.1,-14.2,-8,0.5,6.7,15.8,16.8,16,12.9,3.5,1.6,-11.4,37,65,46,92,86,56,158,92,86,79,61,44,7.9,9.9,20.8,22.4,22.3,24.1,-12.6,10.1,26.5,6,1,1.7,623,400,257,49,2,0,0,0,0,17,40,355,0,1,9,25,75,323,365,343,237,37,27,0,1177,898,808,525,352,87,59,79,161,450,493,908,0,0,0,0,6,19,20,17,9,0,0,0,0,0,0,0,1,30,31,31,30,1,0,0,37,64,45,65,8,0,0,0,1,24,6,44,0,0,0,49,86,122,112,97,67,25,13,0,0,0,0,0,0,66,0,5,0,0,0,0,46,47,44,58,59,62,69,67,63,76,77,49,3.75,6.45,4.57,7.94,4.58,-3.25,7.79,1.22,1.43,6.27,5.11,4.38,-10.1,6.1,21.8,10.2,-22.3,-6.7,10.6,1.8,-16.2,-0.3,16.2,6,186,224,306,226,7.5,21.8,7.2,11.2,1469,308,0,57,1,109,1030,301,3075,1685,225,1104,0,6,56,9,0,1,92,31,186,118,0,31,0,135,331,105,0,0,71,0,47,54,66,72,14.58,17.09,5.75,12.8,1.7,16.8,-20.1,36.8,901,478,12.9,35.1,1743,1442,5997,71,124,149,263,114,351,-43.4,42.7,11.7,571,71,61,50.23,691
2010,H1760,FERLD,48.46587748,-79.34152449,297,-8.5,-7.5,4.8,11.4,18.1,20.6,25.6,23.7,15.6,9.3,2.7,-6.2,-17.1,-15.9,-9.5,-1.1,5.3,8.1,13.5,12.4,7.2,0.5,-5.9,-10.9,-12.8,-11.7,-2.4,5.1,11.7,14.4,19.5,18.1,11.4,4.9,-1.6,-8.6,33,36,15,38,46,55,78,103,184,42,58,57,5.1,3,27.1,27.7,20.5,22.8,15.4,9.1,-3.2,13.2,5,2.7,399,329,112,10,0,0,0,0,0,10,94,272,0,0,10,60,211,281,451,405,197,54,10,1,954,827,634,387,202,119,19,39,198,408,588,820,0,0,0,0,8,10,67,41,5,0,0,0,0,0,0,0,30,30,31,31,30,1,0,0,32,35,9,3,0,0,0,0,3,6,28,56,0,0,0,64,104,116,132,105,54,30,0,0,0,0,0,26,58,62,55,3,0,0,0,0,62,63,48,59,60,62,64,66,73,70,67,64,3.32,3.56,0.94,0.64,-2.52,-2.65,-2.83,0.97,13.18,1.87,5.25,5.72,-7.8,11.4,23.3,9.2,-16.1,-1.8,11.3,0.6,-12,4.8,17.3,4.9,113,99,235,284,3.3,25.1,15.8,5,1083,123,0,105,0,281,1137,261,2688,1222,177,1195,0,8,118,5,0,30,92,31,111,13,0,38,0,168,354,84,0,84,120,0,63,55,64,70,12.6,-0.94,-4.5,20.31,4,19.5,-12.8,32.3,743,464,18.8,42.1,1227,1680,5194,132,154,149,265,117,155,-43.4,42.7,12.4,606,204,64,27.46,841
2011,H1760,FERLD,48.46587748,-79.34152449,297,-11.4,-7.8,-2.5,6.7,16.7,21.9,25.7,23,18.5,11.5,3.6,-4.9,-21.5,-22.1,-16.3,-5.6,3.1,9,12.8,10.5,6.8,2.6,-3.2,-14.9,-16.4,-14.9,-9.4,0.6,9.9,15.4,19.3,16.7,12.7,7,0.2,-9.9,35,32,54,92,33,110,92,61,90,106,81,45,-9999,-9999,-9999,-9999,-9999,-9999,-9999,-9999,-9999,-9999,-9999,-9999,511,420,284,48,0,0,0,0,0,4,59,303,0,1,7,23,158,313,443,364,232,92,18,0,1066,918,851,523,253,94,21,64,167,341,534,861,0,0,0,0,7,16,61,23,8,0,0,0,0,0,0,0,19,30,31,31,30,10,0,0,35,32,54,64,1,0,0,0,1,4,18,45,0,0,0,51,100,122,136,107,67,33,13,0,0,0,0,0,67,12,44,45,0,0,0,0,55,41,45,56,57,61,62,62,63,70,74,80,3.48,3.17,5.41,7.88,-3.3,2.14,-1.78,-3.14,2.02,7.27,7.31,4.55,-8.5,7,23.5,11.2,-18.2,-6.3,10.8,2.1,-13.3,0.3,17.1,6.6,124,179,263,277,-9999,-9999,-9999,-9999,1202,333,0,63,1,189,1119,342,2803,1627,179,1042,0,7,101,8,0,19,92,40,122,119,0,22,0,151,365,112,0,67,101,0,59,53,62,69,11.19,9.99,-2.78,16.6,2.6,19.3,-16.4,35.7,831,386,15.2,50,1629,1651,5693,116,150,146,268,122,279,-43.4,42.7,-9999,628,168,59,35,818
2012,H1760,FERLD,48.46587748,-79.34152449,297,-7.6,-5.4,5.8,7.5,18,24.1,24.9,22.8,16.9,9.4,1.1,-5.6,-19.4,-15.5,-7.5,-4.7,4.3,10.8,12,11.1,6.6,2.2,-6.1,-13.4,-13.5,-10.4,-0.9,1.4,11.1,17.4,18.5,17,11.7,5.8,-2.5,-9.5,58,35,60,43,50,55,76,92,112,138,42,55,-9999,-9999,-9999,-9999,-9999,-9999,-9999,-9999,-9999,-9999,-9999,-9999,420,295,81,37,0,0,0,0,0,7,114,295,0,0,14,23,195,372,418,372,206,68,8,0,974,792,587,498,216,53,30,59,190,380,614,850,0,0,0,0,7,37,45,26,6,0,0,0,0,0,0,0,27,30,31,31,30,7,0,0,57,35,20,24,1,0,0,0,1,12,26,55,0,0,0,53,105,131,132,104,60,28,0,0,0,0,0,10,55,76,57,12,0,0,0,0,50,57,52,57,57,60,62,64,67,75,71,57,5.84,3.53,5.12,2.78,-2.23,-4.55,-2.89,0.23,5.11,11.42,3.82,5.53,-5.9,10.4,23.9,9.1,-16.6,-2.6,11.3,0.9,-11.3,3.9,17.6,5,139,153,223,291,-9999,-9999,-9999,-9999,1017,118,0,121,0,233,1162,282,2628,1301,142,1184,0,7,108,6,0,27,92,37,137,45,0,40,0,158,368,89,0,65,145,0,55,55,62,71,14.91,5.66,-7.21,20.35,3.8,18.5,-13.5,31.9,817,384,16.9,48.1,1248,1677,5244,121,156,139,267,128,204,-43.4,42.7,-9999,614,210,62,33.72,855
2013,H1760,FERLD,48.46587748,-79.34152449,297,-9.1,-8.6,-1,4.6,16.3,21.2,24.8,22,17.6,10.6,-0.4,-13,-21.3,-20.7,-10.5,-5.4,3.3,8.4,11.5,11.4,6.4,2.2,-7.9,-21.4,-15.2,-14.6,-5.7,-0.4,9.8,14.8,18.1,16.7,12,6.4,-4.2,-17.2,56,36,51,68,69,96,82,137,71,107,116,45,-9999,-9999,-9999,-9999,-9999,-9999,-9999,-9999,-9999,-9999,-9999,-9999,471,411,200,65,0,0,0,0,0,6,155,533,0,1,9,19,156,294,407,363,213,80,7,0,1026,909,738,553,254,109,35,65,184,360,665,1087,0,0,0,0,7,12,38,23,6,0,0,0,0,0,0,0,20,30,31,31,30,7,0,0,56,36,48,56,2,0,0,0,1,6,99,45,0,0,0,0,98,119,133,98,64,31,0,0,0,0,0,0,28,23,52,0,0,0,0,0,48,48,61,63,59,61,60,68,65,72,69,66,5.65,3.64,5.05,5.98,0.61,1.11,-2.34,5.53,0.59,7.73,11.54,4.48,-7.8,6.6,22.6,9.2,-18.5,-4.2,10.4,0.2,-13.1,1.2,16.5,4.7,148,188,314,294,-9999,-9999,-9999,-9999,1177,265,0,161,1,184,1063,300,2785,1545,209,1209,0,7,73,6,0,20,92,37,147,106,0,106,0,98,350,95,0,28,75,0,54,61,63,69,13.77,11.64,4.31,19.86,1.7,18.1,-17.2,35.3,934,455,12.5,39.8,1842,1548,5985,87,150,148,266,118,293,-43.4,42.7,-9999,543,103,61,49.58,743
2014,H1760,FERLD,48.46587748,-79.34152449,297,-12.7,-10.4,-5.8,4.6,15.3,22.8,22,21.7,16.4,9.2,-1.2,-5.9,-24.2,-21.7,-21.4,-5.8,3.8,9.5,11.4,11,6.3,2.4,-10.2,-14.9,-18.5,-16.1,-13.6,-0.6,9.6,16.2,16.7,16.4,11.4,5.8,-5.7,-10.4,53,18,41,64,80,68,106,121,109,138,93,72,-9999,-9999,-9999,-9999,-9999,-9999,-9999,-9999,-9999,-9999,-9999,-9999,574,451,424,68,0,0,0,0,0,7,191,325,0,1,6,18,149,334,364,353,196,69,6,0,1128,950,981,558,262,78,59,72,199,379,711,877,0,0,0,0,7,22,20,20,5,0,0,0,0,0,0,0,25,30,31,31,30,9,0,0,52,18,41,54,2,0,0,0,2,12,87,72,0,0,0,0,91,126,114,98,59,27,0,0,0,0,0,0,11,58,8,0,0,0,0,0,49,51,38,61,63,60,68,67,68,77,63,61,5.27,1.76,4.06,5.55,2.46,-2.57,2.4,4.02,5,11.42,9.26,7.25,-12,4.7,22.2,8.1,-22.5,-7.8,10.6,-0.5,-17.2,-1.5,16.4,3.8,115,185,296,339,-9999,-9999,-9999,-9999,1558,492,0,199,1,173,1051,270,3165,1801,209,1290,0,7,62,5,0,25,92,39,115,97,0,100,0,91,338,87,0,11,66,0,54,54,65,69,14.28,12.07,3.84,25.68,0.9,16.7,-18.5,35.2,962,485,11.4,34.5,2041,1495,6255,74,156,143,266,123,264,-43.4,42.7,-9999,516,77,60,55.88,712
2015,H1760,FERLD,48.46587748,-79.34152449,297,-12.9,-15.7,-2.6,7,17,21.4,24.3,22.5,20.5,8.3,4.9,-0.7,-26.4,-29.1,-18,-5.3,3.4,8.8,12,12.6,8.8,-0.2,-4.2,-8.1,-19.6,-22.4,-10.3,0.9,10.2,15.1,18.2,17.6,14.7,4,0.3,-4.4,36,22,38,65,103,75,63,97,92,83,64,80,-9999,-9999,-9999,-9999,-9999,-9999,-9999,-9999,-9999,-9999,-9999,-9999,609,627,322,44,0,0,0,0,0,14,57,159,0,2,13,32,167,302,408,390,291,43,22,2,1164,1127,879,514,238,103,34,48,116,434,530,692,0,0,0,1,11,14,39,33,16,1,2,1,0,0,0,0,21,30,31,31,30,1,0,0,36,22,38,43,2,0,0,0,0,20,13,57,0,0,0,52,101,120,128,97,71,28,15,0,0,0,0,0,0,45,65,0,0,0,0,0,41,41,40,56,57,61,63,70,64,71,66,61,3.57,2.16,3.81,5.14,3.5,-1.08,-3.57,1.53,1.31,6.27,5.41,7.93,-11.5,7.1,22.7,11.2,-23.5,-6.6,11.1,1.5,-17.5,0.3,16.9,6.3,130,206,235,238,-9999,-9999,-9999,-9999,1562,366,0,71,2,212,1100,356,3168,1630,184,1080,1,13,87,19,0,21,92,31,129,83,0,33,0,153,345,114,0,0,110,0,48,51,65,67,13.66,12.46,-3.12,12.99,2,18.2,-22.4,40.6,817,430,14.7,42.3,1833,1672,5877,119,144,147,266,119,298,-43.4,42.7,-9999,612,110,58,35.99,839
2016,H1760,FERLD,48.46587748,-79.34152449,297,-8.4,-9.2,0.3,3.8,17,21.6,24.3,24.4,19.1,9.9,4.2,-6.2,-17.5,-22,-12.9,-9.3,3,8.4,12.4,12.9,8.5,2.2,-1.8,-13.3,-12.9,-15.6,-6.3,-2.7,10,15,18.3,18.6,13.8,6.1,1.2,-9.8,71,41,53,32,65,87,117,108,87,77,58,44,-9999,-9999,-9999,-9999,-9999,-9999,-9999,-9999,-9999,-9999,-9999,-9999,402,439,216,116,0,0,0,0,0,6,45,300,0,0,7,11,162,300,414,423,265,73,22,0,957,938,756,622,249,105,31,31,139,371,505,857,0,0,0,0,7,13,42,51,12,0,0,0,0,0,0,0,18,30,31,31,30,7,0,0,69,41,51,31,1,0,0,0,0,5,7,43,0,0,0,0,102,122,127,108,66,29,13,0,0,0,0,0,37,35,10,0,0,0,0,0,60,46,48,51,56,60,64,66,67,74,78,69,7.1,4.07,5.26,2.76,-0.31,-0.08,1.91,1.17,1.72,5.06,4.84,4.4,-6.1,7,23.4,11.1,-15.9,-6.4,11.2,2.9,-11,0.3,17.3,7,192,150,312,222,-9999,-9999,-9999,-9999,1001,332,0,51,4,180,1136,360,2586,1627,168,1015,0,7,107,12,0,18,92,37,167,83,0,13,0,102,356,108,0,37,45,0,58,52,63,73,15.57,7.71,3,11.63,3,18.6,-15.6,34.2,839,464,15.5,40.2,1524,1677,5560,125,147,147,270,123,283,-43.4,42.7,-9999,566,82,62,37.91,852
2017,H1760,FERLD,48.46587748,-79.34152449,297,-6.2,-6.2,-2.1,7.5,13,21,24.1,20.2,20,13.1,-1.3,-10.9,-14.8,-17.8,-15.9,-3.9,3.4,9.4,10.4,9.3,8.5,3.5,-8.7,-19.4,-10.5,-12,-9,1.8,8.2,15.2,17.3,14.7,14.2,8.3,-5,-15.2,33,55,41,73,114,73,50,147,75,96,73,35,-9999,-9999,-9999,-9999,-9999,-9999,-9999,-9999,-9999,-9999,-9999,-9999,327,337,277,32,1,0,0,0,0,3,176,471,0,0,3,26,111,306,380,299,278,122,4,0,882,835,840,486,304,100,49,109,127,301,691,1024,0,0,0,0,4,15,26,9,14,0,0,0,1,0,0,0,21,30,31,31,30,19,0,0,31,55,41,36,6,0,0,0,0,2,66,35,0,0,0,52,79,115,132,94,69,36,0,0,0,0,0,0,0,42,82,0,0,0,0,0,63,51,45,60,68,64,59,66,64,69,69,69,3.34,5.52,4.09,5.69,7.31,-0.79,-5.21,7.2,-0.03,5.46,7.26,3.49,-6.2,6.1,21.7,10.6,-15.3,-5.5,9.7,1.1,-10.7,0.3,15.7,5.8,133,228,270,244,-9999,-9999,-9999,-9999,964,311,0,179,0,141,985,404,2574,1630,258,1118,0,4,50,14,1,21,92,49,129,82,1,68,0,131,341,105,0,0,124,0,61,58,63,67,12.36,17.09,1.21,12.68,2.3,17.3,-15.2,32.4,866,459,14.3,37.6,1625,1530,5748,68,162,143,273,130,225,-43.4,42.7,-9999,577,124,62,43.34,711
2018,H1760,FERLD,48.46587748,-79.34152449,297,-10.6,-7.1,-2.5,5.5,17.7,22.2,26.8,23.8,18.1,4.6,-3,-6.1,-21.3,-19.9,-13.7,-6.7,2.6,7.8,13.9,11.8,6.7,-1.3,-9.1,-14.2,-15.9,-13.5,-8.1,-0.6,10.1,15,20.3,17.8,12.4,1.7,-6,-10.1,48,29,6,40,57,82,96,78,135,150,54,42,-9999,-9999,-9999,-9999,-9999,-9999,-9999,-9999,-9999,-9999,-9999,-9999,495,381,258,68,0,0,0,0,0,34,198,316,0,1,8,20,166,301,476,397,225,22,6,0,1050,879,811,558,238,104,13,43,174,507,720,868,0,0,0,0,8,14,87,37,7,0,0,0,0,0,0,0,14,30,31,31,30,0,0,0,47,28,6,34,1,0,0,0,1,92,51,42,0,0,0,0,107,127,140,108,65,21,0,0,0,0,0,0,49,45,44,30,0,0,0,0,53,46,54,55,53,57,62,64,64,78,74,62,4.75,2.85,0.61,3.09,-1.6,-1.16,-2.03,-1.75,6.76,13.98,5.39,4.23,-9.5,6.9,24.3,6.6,-20.2,-5.9,11.2,-1.2,-14.9,0.5,17.7,2.7,111,104,257,340,-9999,-9999,-9999,-9999,1347,326,0,231,1,194,1174,253,2953,1606,160,1401,0,8,137,7,0,14,92,30,110,41,0,144,0,107,375,86,0,49,119,0,54,54,61,72,11.84,2.1,-4.94,26.13,1.9,20.3,-15.9,36.3,818,449,14.6,45.3,1750,1622,5965,153,136,152,261,110,189,-43.4,42.7,-9999,568,168,60,35.13,855
2019,H1760,FERLD,48.46587748,-79.34152449,297,-13,-9.5,-2.2,4.4,12.4,21.2,26,22.8,16.9,9.6,-3.2,-6.3,-25.8,-22.6,-15.4,-5.3,1.2,8.3,12.5,10.6,6.8,1.6,-9.5,-15.6,-19.4,-16.1,-8.8,-0.5,6.8,14.7,19.2,16.7,11.8,5.6,-6.3,-10.9,47,94,34,99,57,131,52,85,95,86,68,44,-9999,-9999,-9999,-9999,-9999,-9999,-9999,-9999,-9999,-9999,-9999,-9999,602,451,273,65,2,0,0,0,0,8,204,340,0,1,11,24,78,291,441,363,209,66,8,0,1157,950,833,554,348,111,21,65,188,385,730,893,0,0,0,0,7,12,60,23,6,0,0,0,0,0,0,0,4,30,31,31,30,4,0,0,47,94,34,82,5,0,0,0,1,8,65,44,0,0,0,0,81,119,139,105,60,29,0,0,0,0,0,0,23,0,87,21,0,0,0,0,44,45,47,64,63,61,60,63,68,73,73,65,4.66,9.42,3.42,9.03,1.99,4.61,-6.1,-0.63,3.5,6.09,6.75,4.38,-9.5,4.8,23.3,7.8,-20.9,-6.5,10.4,-0.4,-15.2,-0.8,16.9,3.7,183,190,268,249,-9999,-9999,-9999,-9999,1370,341,0,212,1,112,1095,282,2975,1735,197,1303,0,7,95,6,0,4,92,34,183,121,0,74,0,81,363,90,0,23,108,0,51,58,61,71,18.47,14.44,-2.13,16.34,1.1,19.2,-19.4,38.7,891,420,12.4,45.8,1947,1492,6234,108,130,152,265,113,390,-43.4,42.7,-9999,534,131,60,47.12,741
